Amplicon	Name	Sequence
PCR1_1	1F_209_1	GTTGCAGCCGATCATCAGCAC
PCR1_1	SC2M1-2_RIGHT_965	GTTCACGGCAGCAGTATACACC
PCR2_1	W1_2F_00826_1	AACAACTTCTGTGGCCCTGATG
PCR2_1	W1_2R_01730_1	TCCACAAAAGCACTTGTGGAAGC
PCR3_1	W1_3F_01573_1	GGTGTTGTTGGAGAAGGTTCCG
PCR3_1	W1_3R_02511_1	TGTGGGAAGTGTTTCTCCCTC
PCR4_1	W1_4F_02387_1	CATTTGTCACGCACTCAAAGGG
PCR4_1	W1_4R_03329_1	GTCTGAACAACTGGTGTAAGTTCC
PCR5_1	W1_5F_03185_1	AGCAAGAAGAAGATTGGTTAGATGATG
PCR5_1	W1_5R_04199_1	ATTTCAGTAGTGCCACCAGCC
PCR6_1	W1_6F_04054_1	CATCCAGATTCTGCCACTCTTG
PCR6_1	W1_6R_05022_1	CATGTCCACAACTTGCGTGTG
PCR7_1	W1_7F_04884_1	TCCTACCACATTCCACCTAGATGG
PCR7_1	W1_7R_05817_1	AGCACCGTCTATGCAATACAAAG
PCR8_1	W1_8F_05676_1	TGTTATGATGTCAGCACCACCTG
PCR8_1	W1_8R_06653_1	ACAGCAGCTAAACCATGAGTAGC
PCR9_1	W1_9F_06522_1	TACAGAAGAGGTTGGCCACAC
PCR9_1	W1_9R_07476_1	ACAACCGTCTACAACATGCAC
PCR10_1	W1_10F_07326_1	TGCAGTACATTTTATTAGTAATTCTTGG
PCR10_1	W1_10R_08325_1	GTCACGGGGTGTCATGTTTTC
PCR11_1	W1_11F_08170_1	GCAGCTCGGCAAGGGTTTGTTG
PCR11_1	W1_11R_09122_1	CGTGTGTCAGGGCGTAAACTTTC
PCR12_1	W1_12F_08996_1	CAGCTTGTGTTTTGGCTGCTG
PCR12_1	W1_12R_09976_1	GAGCCTTTGCGAGATGACAAC
PCR13_1	W1_13F_09831_1	GTATCTAAAGTTGCGTAGTGATG
PCR13_1	W1_13R_10836_1	AACGGCAATTCCAGTTTGAGC
PCR14_1	W1_14F_10686_1	TGTTATAAATGGAGACAGGTGG
PCR14_1	W1_14R_11670_1	GCGGTTGAGTAAACAAAAGAGGC
PCR15_1	W1_15F_11527_1	GCCAGAGGTATTGTTTTTATGTGTGT
PCR15_1	W1_15R_12438_1	GGGAACACAACCATCTCTTGC
PCR16_1	W1_16F_12311_1	CTAGATCTGAGGACAAGAGGGC
PCR16_1	W1_16R_13240_1	ACGATGCACCACCAAAGGATTC
PCR17_1	W1_17F_13112_1	ATCTAGCTAGTGGGGGACAACC
PCR17_1	W1_17R_14042_1	AATACCAGCATTTCGCATGGCA
PCR18_1	W1_18F_13873_1	TACTTGTCACATACAATTGTTGTGATG
PCR18_1	18R_14809_1	GATAGTAGTCATAATCGCTGATAGCAG
PCR19_1	W1_19F_14655_1	GCTTTTCAAACTGTCAAACCCGG
PCR19_1	W1_19R_15557_1	TGCATTAACATTGGCCGTGAC
PCR20_1	W1_20F_15429_1	AGTGAAATGGTCATGTGTGGCG
PCR20_1	W1_20R_16400_1	ACAACCTGGAGCATTGCAAAC
PCR21_1	21F_16221_1	GCATACAGTCTTACAGGCTGTTGG
PCR21_1	21R_17140_1	CAGAAGGGTAGTAGAGAGCTAGGC
PCR22_1	W1_22F_17065_1	ATTCTACACTCCAGGGACCACC
PCR22_1	W1_22R_18035_1	TAAAGTTGCCACATTCCTACGTGG
PCR23_1	W1_23F_17881_1	CCACTGAAACAGCTCACTCTTG
PCR23_1	W1_23R_18900_1	TAACAAAGCACTCGTGGACAGC
PCR24_1	W1_24F_18767_1	TGTTCAACAATGGGGTTTTACAGG
PCR24_1	W1_24R_19677_1	CCTGTTGTCCATCAAAGTGTCCC
PCR25_1	W1_25F_19546_1	CAGCTGGCTTTAGCTTGTGGG
PCR25_1	25R_20572_1	CAACCTTAGAAACTACAGATAAATCTTG
PCR26_1	W1_26F_20343_1	CATAGTCAGTTAGGTGGTTTAC
PCR26_1	W1_26R_21315_1	CTATTTGTTCGCGTGGTTTGCC
PCR27_1	27F_21136_1	AAGCTAGCTCTTGGAGGTTCCG
PCR27_1	27R_22218_1	CCCTGAGGGAGATCACGCAC
PCR28_1	W1_28F_21976_1	CCATTTTTGGGTGTTTATTACC
PCR28_1	W1_28R_22993_1	TGCTACCGGCCTGATAGATTTC
PCR29_1	W1_29F_22847_1	TTACAGGCTGCGTTATAGCTTGG
PCR29_1	W1_29R_23812_1	TGCTGCATTCAGTTGAATCACC
PCR30_1	W1_30F_23681_1	ACTCTAATAACTCTATTGCCATACCCAC
PCR30_1	W1_30R_24625_1	CAGAAGCTCTGATTTCTGCAGC
PCR31_1	W1_31F_24492_1	AAATGATATCCTTTCACGTCTTGACAAAG
PCR31_1	W1_31R_25491_1	TTGCAGTAGCGCGAACAAAATC
PCR32_1	W1_32F_25348_1	CCAGTGCTCAAAGGAGTCAAATTAC
PCR32_1	W1_32R_26367_1	ACGCACACAATCGAAGCGCAG
PCR33_1	W1_33F_26222_1	ACAAGCTGATGAGTACGAACTTATG
PCR33_1	W1_33R_27128_1	TGCCAATCCTGTAGCGACTGTATGC
PCR34_1	W1_34F_26988_1	TAGGACGCTGTGACATCAAGG
PCR34_1	W1_34R_28006_1	AGGACACGGGTCATCAACTAC
PCR35_1	35F_27834_1	ATCTTTTGGTTCTCACTTGAACTGC
PCR35_1	35th_R2_28855	TGAACTGTTGCGACTACGTGATG
PCR36_1	W1_36F_28694_1	CACCAAAAGATCACATTGGCAC
PCR36_1	W1_36R_29724_1	TGTGGTGGCTCTTTCAAGTCC
PCR37_1	W1_37F_29551_1	AGGCAGATGGGCTATATAAACG
PCR37_1	W1_37R_29873_2	TTTTGTCATTCTCCTAAGAAGC
PCR38_1	SC2M1-1_LEFT2_1	TTAAAGGTTTATACCTTCCCAGG
PCR38_1	SC2M1-1_RIGHT2_495	CGAGCATCCGAACGTTTGATGA
PCR1_2	W1_2L_368	TGGAGGAGGTCTTATCAGAGGC
PCR1_2	SC2M1-2_RIGHT_965	GTTCACGGCAGCAGTATACACC
PCR2_2	W1_2F_00850_2	TACCCTCTTGAGTGCATTAAAG
PCR2_2	W1_2R_01703_2	AAAGATGCCAAAATAATGGCG
PCR3_2	W1_3F_01596_2	AGGTCTTAATGACAACCTTCTTG
PCR3_2	W1_3R_02490_2	TAAGAAGATAATTTCTTTTGGG
PCR4_2	W1_4F_02404_2	AAGGGATTGTACAGAAAGTGTG
PCR4_2	W1_4R_03307_2	CCATCTCTAATTGAGGTTGAAC
PCR5_2	W1_5F_03208_2	GATGATAGTCAACAAACTGTTGG
PCR5_2	W1_5R_04175_2	TTAGTAGGTATAACCACAGCAG
PCR6_2	W1_6F_04073_2	TTGTTAGTGACATTGACATCAC
PCR6_2	W1_6R_05005_2	TGTGGAGGTTAATGTTGTCTAC
PCR7_2	W1_7F_04904_2	ATGGTGAAGTTATCACCTTTG
PCR7_2	W1_7R_05797_2	AAGTTTCTTTAGAAGTTATATG
PCR8_2	W1_8F_05699_2	CTCAGTATGAACTTAAGCATGG
PCR8_2	W1_8R_06632_2	GCAAGGGTTTTCAAACCTAATAC
PCR9_2	W1_9F_06543_2	AGATCTAATGGCTGCTTATGTAG
PCR9_2	W1_9R_07462_2	CATGCACATAACTTTTCCATAC
PCR10_2	W1_10F_07356_2	TATGTGGTTAATAATTAATCTTG
PCR10_2	W1_10R_08308_2	TTTCAACTTTGTTATAGGTGAGC
PCR11_2	W1_11F_08184_2	GTTTGTTGATTCAGATGTAGAAAC
PCR11_2	W1_11R_09106_2	AACTTTCATAAGCAACAGAACC
PCR12_2	W1_12F_09017_2	AATGTACAATTTTTAAAGATGC
PCR12_2	W1_12R_09966_2	GAGATGACAACAAGCAGCTTC
PCR13_2	W1_13F_09850_2	GATGTGCTATTACCTCTTACGC
PCR13_2	W1_13R_10816_2	CAGAAAGAGGTCCTAGTATGTC
PCR14_2	W1_14F_10708_2	TTTCTCAATCGATTTACCACAAC
PCR14_2	W1_14R_11657_2	CAAAAGAGGCCAAAGTAACAAG
PCR15_2	W1_15F_11527_2	GCCAGAGGTATTGTTTTTATGTGTGT
PCR15_2	W1_15R_12416_2	TTGTTGATAATGTTGTTGAGTGC
PCR16_2	W1_16F_12327_2	GAGGGCAAAAGTTACTAGTGC
PCR16_2	W1_16R_13219_2	CTTGATCCATATTGGCTTCCGG
PCR17_2	W1_17F_13126_2	GGACAACCAATCACTAATTGTG
PCR17_2	W1_17R_14028_2	GCATGGCATCACAGAATTGTAC
PCR18_2	W1_18F_13873_1	TACTTGTCACATACAATTGTTGTGATG
PCR18_2	W1_18R_14787_1	TAGCAGCATTACCATCCTGAGC
PCR19_2	W1_19F_14670_2	AAACCCGGTAATTTTAACAAAG
PCR19_2	W1_19R_15549_2	CATTGGCCGTGACAGCTTGAC
PCR20_2	W1_20F_15441_2	ATGTGTGGCGGTTCACTATATG
PCR20_2	W1_20R_16380_2	CATACGGATTAACAGACAAGAC
PCR21_2	W1_21F_16291_2	GCATACGTAGACCATTCTTATG
PCR21_2	21R_17140_1	CAGAAGGGTAGTAGAGAGCTAGGC
PCR22_2	W1_22F_17082_2	CCACCTGGTACTGGTAAGAGTC
PCR22_2	W1_22R_18012_2	GAATTTCAAGACTTGTAAATTG
PCR23_2	W1_23F_17901_2	TGTAATGTAAACAGATTTAATG
PCR23_2	W1_23R_18879_2	CTAGACACCTAGTCATGATTGC
PCR24_2	W1_24F_18786_2	ACAGGTAACCTACAAAGCAACC
PCR24_2	W1_24R_19665_2	CAAAGTGTCCCTTATTTACAAC
PCR25_2	W1_25F_19546_1	CAGCTGGCTTTAGCTTGTGGG
PCR25_2	W1_25R_20482_1	GATGAACCTGTTTGCGCATCTG
PCR26_2	W1_26F_20356_2	GTGGTTTACATCTACTGATTGG
PCR26_2	W1_26R_21300_2	GTTTGCCAAGATAATTACATCC
PCR27_2	W1_27F_21204_2	CTCATGGGACACTTCGCATGGTGG
PCR27_2	W1_27R_22099_2	CAAGGTCCATAAGAAAAGGCTG
PCR28_2	W1_28F_21996_2	CCACAAAAACAACAAAAGTTGG
PCR28_2	W1_28R_22975_2	TTTCAGTTGAAATATCTCTCTC
PCR29_2	W1_29F_22864_2	GCTTGGAATTCTAACAATCTTG
PCR29_2	W1_29R_23795_2	TCACCACAAATGTACATTGTAC
PCR30_2	W1_30F_23704_2	CCCACAAATTTTACTATTAGTG
PCR30_2	W1_30R_24610_2	CTGCAGCTCTAATTAATTGTTG
PCR31_2	W1_31F_24514_2	GACAAAGTTGAGGCTGAAGTGC
PCR31_2	W1_31R_25476_2	CAAAATCTGAAGGAGTAGCATC
PCR32_2	W1_32F_25357_2	AAAGGAGTCAAATTACATTACAC
PCR32_2	W1_32R_26358_2	ATCGAAGCGCAGTAAGGATGGC
PCR33_2	W1_33F_26241_2	CTTATGTACTCATTCGTTTCGG
PCR33_2	W1_33R_27115_2	GCGACTGTATGCAGCAAAACC
PCR34_2	W1_34F_26999_2	GACATCAAGGACCTGCCTAAAG
PCR34_2	W1_34R_27992_2	CAACTACATATGGTTGATGTTG
PCR35_2	W1_35F_27875_1	TGTCACGCCTAAACGAACATG
PCR35_2	35th_R2_28855	TGAACTGTTGCGACTACGTGATG
PCR36_2	W1_36F_28716_2	CCGCAATCCTGCTAACAATGC
PCR36_2	W1_36R_29724_2	TGTGGTGGCTCTTTCAAGTCC
PCR37_2	W1_37F_29596_2	TATAGTCTACTCTTGTGCAGAATG
PCR37_2	W1_37R_29873_2	TTTTGTCATTCTCCTAAGAAGC
PCR38_2	0_1b	TTAAAGGTTTATACCTTCCCAGGTA
PCR38_2	W1_1R_490	CATCCGAACGTTTGATGAACAC


