Pool_amplicon	Name	Sequence
P1_1	SC2M1-1_LEFT_31	ACCAACCAACTTTCGATCTCTTGT
P1_1	SC2M1-1_RIGHT_574	TGTCTCACCACTACGACCGTAC
P1_5	SC2M1-5_LEFT_1706	TCTGCTTCCACAAGTGCTTTTGT
P1_5	SC2M1-5_RIGHT_2266	ACAGGTGACAATTTGTCCACCG
P1_9	SC2M1-9_LEFT_3306	TGGAACTTACACCAGTTGTTCAGAC
P1_9	SC2M1-9_RIGHT_3878	CAGCGATCTTTTGTTCAACTTGCT
P1_13	SC2M1-13_LEFT_4885	TCCTACCACATTCCACCTAGATGG
P1_13	SC2M1-13_RIGHT_5400	GCACAAAAGTTAGCAGCTTCACC
P1_17	SC2M1-17_LEFT_6408	CTGAAGAAGTAGTGGAAAATCCTACCA
P1_17	SC2M1-17_RIGHT_6903	GCCTCTAGACAAAATTTACCGACACT
P1_21	SC2M1-21_LEFT_8004	TTGGTGATAGTGCGGAAGTTGC
P1_21	SC2M1-21_RIGHT_8553	CCACCCTTAAGTGCTATCTTTGTTGT
P1_25	SC2M1-25_LEFT_9551	CCAGTTTACTCATTCTTACCTGGTGT
P1_25	SC2M1-25_RIGHT_10061	AACCACTCTGCAAAACAGCTGA
P1_29	SC2M1-29_LEFT_11047	AGTCCAGAGTACTCAATGGTCTTTGT
P1_29	SC2M1-29_RIGHT_11541	ACAATACCTCTGGCCAAAAACATGA
P1_33	SC2M1-33_LEFT_12557	ATCCAACAGGTTGTAGATGCAGAT
P1_33	SC2M1-33_RIGHT_13136	TTGGTTGTCCCCCACTAGCTAG
P1_37	SC2M1-37_LEFT_14103	TTTCATACAAACCACGCCAGGT
P1_37	SC2M1-37_RIGHT_14641	GTGCAGCTACTGAAAAGCACGT
P1_41	SC2M1-41_LEFT_15637	AGAAATAGAGATGTTGACACAGACTTTGT
P1_41	SC2M1-41_RIGHT_16208	GCCTCATAAAACTCAGGTTCCCA
P1_45	SC2M1-45_LEFT_17317	AATGCATTGCCTGAGACGACAG
P1_45	SC2M1-45_RIGHT_17903	CAAGAGTGAGCTGTTTCAGTGGT
P1_49	SC2M1-49_LEFT_18897	TGTTAAGCGTGTTGACTGGACT
P1_49	SC2M1-49_RIGHT_19484	GCACCACCTAAATTGCAACGTG
P1_53	SC2M1-53_LEFT_20554	TCTGTAGTTTCTAAGGTTGTCAAAGTGA
P1_53	SC2M1-53_RIGHT_21144	AGCTAGCTTTTGTTGTATAAACCCACA
P1_57	SC2M1-57_LEFT_22203	GTGATCTCCCTCAGGGTTTTTCG
P1_57	SC2M1-57_RIGHT_22697	ACTTAAAAGTGGAAAATGATGCGGAA
P1_61	SC2M1-61_LEFT_23737	AATTCTACCAGTGTCTATGACCAAGAC
P1_61	SC2M1-61_RIGHT_24231	GCACCAAAGGTCCAACCAGAAG
P1_65	SC2M1-65_LEFT_25214	CTAGGTTTTATAGCTGGCTTGATTGC
P1_65	SC2M1-65_RIGHT_25790	CATTTCCAGCAAAGCCAAAGCC
P1_69	SC2M1-69_LEFT_26877	CTTCTCAACGTGCCACTCCATG
P1_69	SC2M1-69_RIGHT_27432	AGCGAGTGTTATCAGTGCCAAG
P1_73	SC2M1-73_LEFT_28525	TGGCTACTACCGAAGAGCTACC
P1_73	SC2M1-73_RIGHT_29045	GCTTCTTAGAAGCCTCAGCAGC
P2_2	SC2M1-2_LEFT_445	TTTGCCTCAACTTGAACAGCCC
P2_2	SC2M1-2_RIGHT_965	GTTCACGGCAGCAGTATACACC
P2_6	SC2M1-6_LEFT_2138	AAACCCGTCCTTGATTGGCTTG
P2_6	SC2M1-6_RIGHT_2642	TTTCGAGCAACATAAGCCCGTT
P2_10	SC2M1-10_LEFT_3715	AGCTGGTATTTTTGGTGCTGACC
P2_10	SC2M1-10_RIGHT_4262	CCTGACCCGGGTAAGTGGTTAT
P2_14	SC2M1-14_LEFT_5258	ACTTCTATTAAATGGGCAGATAACAACTGT
P2_14	SC2M1-14_RIGHT_5818	AGCACCGTCTATGCAATACAAAGT
P2_18	SC2M1-18_LEFT_6748	AAACCGTGTTTGTACTAATTATATGCCTT
P2_18	SC2M1-18_RIGHT_7255	TGCCAAAAACCACTCTGCAACT
P2_22	SC2M1-22_LEFT_8407	CGTTAAAGATTTCATGTCATTGTCTGAACA
P2_22	SC2M1-22_RIGHT_8913	TGCAAAAAGTCACCATTAGTTGTGC
P2_26	SC2M1-26_LEFT_9903	AGTACAAGTATTTTAGTGGAGCAATGGA
P2_26	SC2M1-26_RIGHT_10451	TGGGCCTCATAGCACATTGGTA
P2_30	SC2M1-30_LEFT_11400	TGAATGTCTTGACACTCGTTTATAAAGTT
P2_30	SC2M1-30_RIGHT_11944	CTGGACACATTGAGCCCACAAT
P2_34	SC2M1-34_LEFT_13006	TGCCACAGTACGTCTACAAGCT
P2_34	SC2M1-34_RIGHT_13501	GTGTAAGACGGGCTGCACTTAC
P2_38	SC2M1-38_LEFT_14480	ACTTCAGAGAGCTAGGTGTTGTACA
P2_38	SC2M1-38_RIGHT_15027	TGCGAAAAGTGCATCTTGATCCT
P2_42	SC2M1-42_LEFT_16065	GGAGTATGCTGATGTCTTTCATTTGTAC
P2_42	SC2M1-42_RIGHT_16648	GCGTTTCTGCTGCAAAAAGCTT
P2_46	SC2M1-46_LEFT_17752	TGGAGAAAAGCTGTCTTTATTTCACCT
P2_46	SC2M1-46_RIGHT_18275	GCTTCTTCGCGGGTGATAAACA
P2_50	SC2M1-50_LEFT_19311	TGCATTCCACACACCAGCTTTT
P2_50	SC2M1-50_RIGHT_19866	ATTAGCAGCAATGTCCACACCC
P2_54	SC2M1-54_LEFT_20990	TGATTGGTGATTGTGCAACTGTACA
P2_54	SC2M1-54_RIGHT_21562	TGTTCGTTTAGTTGTTAACAAGAACATCA
P2_58	SC2M1-58_LEFT_22563	ACTTGTGCCCTTTTGGTGAAGT
P2_58	SC2M1-58_RIGHT_23128	TGCTGGTGCATGTAGAAGTTCA
P2_62	SC2M1-62_LEFT_24095	GCTGCTAGAGACCTCATTTGTGC
P2_62	SC2M1-62_RIGHT_24623	AAGCTCTGATTTCTGCAGCTCT
P2_66	SC2M1-66_LEFT_25665	CTCACACCTTTTGCTCGTTGCT
P2_66	SC2M1-66_RIGHT_26224	GTGCTTACAAAGGCACGCTAGT
P2_70	SC2M1-70_LEFT_27254	TTATGAGGACTTTTAAAGTTTCCATTTGGA
P2_70	SC2M1-70_RIGHT_27808	AGCAGAAAGGCTAAAAAGCACAAA
P2_74	SC2M1-74_LEFT_28918	TGATGCTGCTCTTGCTTTGCTG
P2_74	SC2M1-74_RIGHT_29469	TCTGCAGCAGGAAGAAGAGTCA
P2_78	SC2M1-52_LEFT2_20349	AGTCAGTTAGGTGGTTTACATCTACTGA
P2_78	SC2M1-52_RIGHT2_20798	TTTTGCGACATTCATCATTATGCCT
P3_3	SC2M1-3_LEFT_827	AACAACTTCTGTGGCCCTGATG
P3_3	SC2M1-3_RIGHT_1395	TCTGAATTGTGACATGCTGGACA
P3_11	SC2M1-11_LEFT_4126	GGGTGATGTTGTTCAAGAGGGT
P3_11	SC2M1-11_RIGHT_4658	ACCGAGCAGCTTCTTCCAAATT
P3_15	SC2M1-15_LEFT_5677	TGTTATGATGTCAGCACCACCTG
P3_15	SC2M1-15_RIGHT_6172	AGCCACCACATCACCATTTAAGT
P3_19-2	SC2M1-19b_LEFT_7235	TGCAGAGTGGTTTTTGGCATATATTCT
P3_19-2	SC2M1-19_RIGHT_7694	ACTGTAGTGACAAGTCTCTCGCA
P3_23	SC2M1-23_LEFT_8778	TTAGCCAGCGTGGTGGTAGTTA
P3_23	SC2M1-23_RIGHT_9330	TCTACACCACAGAAAACTCCTGGT
P3_27	SC2M1-27_LEFT_10318	GCTTAAGGTTGATACAGCCAATCCT
P3_27	SC2M1-27_RIGHT_10837	AACGGCAATTCCAGTTTGAGCA
P3_31	SC2M1-31_LEFT_11810	GGCAAACCTTGTATCAAAGTAGCC
P3_31	SC2M1-31_RIGHT_12335	TTGCCCTCTTGTCCTCAGATCT
P3_35	SC2M1-35_LEFT_13366	AAACACAGTCTGTACCGTCTGC
P3_35	SC2M1-35_RIGHT_13861	TGTCACAATTACCTTCATCAAAATGCC
P3_39	SC2M1-39_LEFT_14888	ACGATGGTGGCTGTATTAATGCT
P3_39	SC2M1-39_RIGHT_15391	GGTGTGACAAGCTACAACACGT
P3_43	SC2M1-43_LEFT_16518	AAATACATGTGTTGGTAGCGATAATGTT
P3_43	SC2M1-43_RIGHT_17087	GGTGGTCCCTGGAGTGTAGAAT
P3_47	SC2M1-47_LEFT_18148	GGTTTATGTGTTGACATACCTGGCA
P3_47	SC2M1-47_RIGHT_18668	CATAGACAACAGGTGCGCTCAG
P3_51	SC2M1-51_LEFT_19725	TGATGGTGTTGATGTAGAATTGTTTGAA
P3_51	SC2M1-51_RIGHT_20255	TCAATTTCCATTTGACTCCTGGGT
P3_55	SC2M1-55_LEFT_21421	AGGGGTACTGCTGTTATGTCTTTAAA
P3_55	SC2M1-55_RIGHT_21916	AAGTAGGGACTGGGTCTTCGAA
P3_59	SC2M1-59_LEFT_22986	CCGGTAGCACACCTTGTAATGG
P3_59	SC2M1-59_RIGHT_23519	CCCCTATTAAACAGCCTGCACG
P3_63	SC2M1-63_LEFT_24493	AAATGATATCCTTTCACGTCTTGACAAA
P3_63	SC2M1-63_RIGHT_25003	TGAGTCTAATTCAGGTTGCAAAGGA
P3_67	SC2M1-67_LEFT_26096	AAAATTGTTGATGAGCCTGAAGAACA
P3_67	SC2M1-67_RIGHT_26590	ACTAGGTTCCATTGTTCAAGGAGC
P3_71	SC2M1-71_LEFT_27650	TGTTCATCAGACAAGAGGAAGTTCA
P3_71	SC2M1-71_RIGHT_28203	ACGAACAACGCACTACAAGACT
P3_75	SC2M1-75_LEFT_29344	TGACGCATACAAAACATTCCCAC
P3_75	SC2M1-75_RIGHT_29848	AAAATCACATGGGGATAGCACTACT
P4_4	SC2M1-4_LEFT_1262	ACGGGCGATTTTGTTAAAGCCA
P4_4	SC2M1-4_RIGHT_1840	TCACCAATATTCCAGGCACCTTT
P4_8	SC2M1-8_LEFT_2932	ACTTACACCACTGGGCATTGATT
P4_8	SC2M1-8_RIGHT_3461	CTGCAACACCTCCTCCATGTTT
P4_12	SC2M1-12_LEFT_4519	TGGTGCTAGATTTTACTTTTACACCAGT
P4_12	SC2M1-12_RIGHT_5017	CACAACTTGCGTGTGGAGGTTA
P4_16	SC2M1-16_LEFT_6030	ACGCAAGCTTCGATAATTTTAAGTTTGT
P4_16	SC2M1-16_RIGHT_6544	TGTGTGGCCAACCTCTTCTGTA
P4_20	SC2M1-20_LEFT_7560	GGTCCTTTTATGTCTATGCTAATGGAGG
P4_20	SC2M1-20_RIGHT_8128	TGCAAGTTCAGCTTCTGCAGTT
P4_24	SC2M1-24_LEFT_9203	GATTCTGAGTACTGTAGGCACGG
P4_24	SC2M1-24_RIGHT_9734	AGAACCAATAGAAATGCTTTGTGGAAA
P4_28	SC2M1-28_LEFT_10697	GGAGACAGGTGGTTTCTCAATCG
P4_28	SC2M1-28_RIGHT_11209	AGCTACAGTGGCAAGAGAAGGT
P4_32	SC2M1-32_LEFT_12201	AGTTGAAGAAGTCTTTGAATGTGGCT
P4_32	SC2M1-32_RIGHT_12719	TCTGTCGTAGTGCAACAGGACT
P4_36	SC2M1-36_LEFT_13727	GCTGTTGCTAAACATGACTTCTTTAAGT
P4_36	SC2M1-36_RIGHT_14232	AGGCTTTGTTAAGTCAGTGTCAACA
P4_40	SC2M1-40_LEFT_15264	TGTAGAAAACCCTCACCTTATGGG
P4_40	SC2M1-40_RIGHT_15771	AGCCACTAGACCTTGAGATGCA
P4_44	SC2M1-44_LEFT_16948	CCTACACTAGTGCCACAAGAGC
P4_44	SC2M1-44_RIGHT_17458	GTGCAGGTAATTGAGCAGGGTC
P4_48	SC2M1-48_LEFT_18506	GACTTCCTTGGAATGTAGTGCGT
P4_48	SC2M1-48_RIGHT_19038	ACCAATGTCGTGAAGAACTGGG
P4_52	SC2M1-52_LEFT_20124	TGGAGAAGCCGTAAAAACACAGT
P4_52	SC2M1-52_RIGHT_20698	GATTAGGCATAGCAACACCCGG
P4_56	SC2M1-56_LEFT_21775	TGGGACCAATGGTACTAAGAGGT
P4_56	SC2M1-56_RIGHT_22345	ACCAGCTGTCCAACCTGAAGAA
P4_60	SC2M1-60_LEFT_23379	ACCAGGTTGCTGTTCTTTATCAGG
P4_60	SC2M1-60_RIGHT_23876	CAGCTATTCCAGTTAAAGCACGGT
P4_64	SC2M1-64_LEFT_24858	GCACACACTGGTTTGTAACACAA
P4_64	SC2M1-64_RIGHT_25369	TTTGACTCCTTTGAGCACTGGC
P4_68	SC2M1-68_LEFT_26454	TCCTGATCTTCTGGTCTAAACGAACT
P4_68	SC2M1-68_RIGHT_27004	ATGTCACAGCGTCCTAGATGGT
P4_72	SC2M1-72_LEFT_28066	TTGAATTGTGCGTGGATGAGGC
P4_72	SC2M1-72_RIGHT_28649	TAGCACCATAGGGAAGTCCAGC
P4_76	SC2M1-1_LEFT2_1	TTAAAGGTTTATACCTTCCCAGG
P4_76	SC2M1-1_RIGHT2_495	CGAGCATCCGAACGTTTGATGA
P5_5W	W1_5L_1457	GTAAGGGTGGTCGCACTATTGC
P5_5W	W1_5R_1969	TTGTTATAGCGGCCTTCTGTAAAAC
P5_81	SC2M1-19a_LEFT_6957	TGGTTTTTACTATTAAGTGTTTGCCTAGGT
P5_81	SC2M1-19a_RIGHT_7393	TCGGGGCCATTTGTACAAGATT
P5_81	SC2M1-19a_LEFT_6957	TGGTTTTTACTATTAAGTGTTTGCCTAGGT
P5_81	SC2M1-19a_RIGHT_7393	TCGGGGCCATTTGTACAAGATT
P5_83	SC2M1-21a_LEFT_7984	AGGCATTAGTGTCTGATGTTGGTG
P5_83	SC2M1-21a_RIGHT_8384	TGACTTTTTGCTACCTGCGCAT
P5_28W	W1_28L_9659	TCACACCTTTAGTACCTTTCTGGATAAC
P5_28W	W1_28R_10207	GGTTAAGCATGTCTTCAGAGGTGC
P5_85	SC2M1-34a_LEFT_12994	GTAGTTTAGCTGCCACAGTACGT
P5_85	SC2M1-34a_RIGHT_13399	AACCTTTCCACATACCGCAGAC
P5_42	SC2M1-42_LEFT_16065	GGAGTATGCTGATGTCTTTCATTTGTAC
P5_42	SC2M1-42_RIGHT_16648	GCGTTTCTGCTGCAAAAAGCTT
P5_89	SC2M1-49a_LEFT_18711	CCTGTTGGCATCATTCTATTGGATTT
P5_89	SC2M1-49a_RIGHT_19112	GTCACTACAAGGCTGTGCATCA
P5_91	SC2M1-50a_LEFT_19181	TGCCTATTTTGGAATTGCAATGTCG
P5_91	SC2M1-50a_RIGHT_19569	AAACCCACAAGCTAAAGCCAGC
P5_93	SC2M1-51a_LEFT_19661	TTTGATGGACAACAGGGTGAAGT
P5_93	SC2M1-51a_RIGHT_20098	GCTTGTTTGGGACCTACAGATGG
P5_60W	W1_60L_21029	GGATCTCATTATTAGTGATATGTACGACCC
P5_60W	W1_60R_21562	TTGTTCGTTTAGTTGTTAACAAGAACATC
P5_64W	W1_64L_22457	CAAAGTGTACGTTGAAATCCTTCACTG
P5_64W	W1_64R_22993	TGCTACCGGCCTGATAGATTTC
P5_98	SC2M1-67a_LEFT_25910	GGCACAACAAGTCCTATTTCTGAAC
P5_98	SC2M1-67a_RIGHT_26276	CGTACCTGTCTCTTCCGAAACG
P5_100	SC2M1-69a_LEFT_26846	TGTGGTCATTCAATCCAGAAACTAACA
P5_100	SC2M1-69a_RIGHT_27226	ACCTGAAAGTCAACGAGATGAAACA
P5_102	SC2M1-70a_LEFT_27252	TTATGAGGACTTTTAAAGTTTCCATTTGGA
P5_102	SC2M1-70a_RIGHT_27644	AGGTGAAACTGATCTGGCACGT
P5_71	SC2M1-71_LEFT_27650	TGTTCATCAGACAAGAGGAAGTTCA
P5_71	SC2M1-71_RIGHT_28203	ACGAACAACGCACTACAAGACT
P5_95	0_1b	TTAAAGGTTTATACCTTCCCAGGTA
P5_95	W1_1R_490	CATCCGAACGTTTGATGAACAC
P5_36	SC2M1-36_LEFT_13727	GCTGTTGCTAAACATGACTTCTTTAAGT
P5_36	SC2M1-36_RIGHT_14232	AGGCTTTGTTAAGTCAGTGTCAACA
P6_6W	W1_6L_1819	AGGTGCCTGGAATATTGGTGAAC
P6_6W	W1_6R_2345	ATGATAGAGTCAGCACACAAAGC
P6_7ab	SC2M1-7a_LEFT_2491	AGGGAGAAACACTTCCCACAGA
P6_7ab	SC2M1-7b_RIGHT_3165	AGCAGAAGTGGCACCAAATTCC
P6_84	SC2M1-21b_LEFT_8240	TCAATCTGACATAGAAGTTACTGGCG
P6_84	SC2M1-21b_RIGHT_8618	GCAGCAACAAAAAGGAACACAAGT
P6_26W	W1_26L_8999	CTTGTGTTTTGGCTGCTGAATG
P6_26W	W1_26R_9459	CATAAAATAGTAGGCAAGGCATGTTACTAC
P6_40W	W1_40L_13986	CGCCAAGCTTTGTTAAAAACAGTAC
P6_40W	W1_40R_14503	TGTACAACACCTAGCTCTCTGAAGTG
P6_86	SC2M1-34b_LEFT_13245	CTGTACTGCCGTTGCCACATAG
P6_86	SC2M1-34b_RIGHT_13620	CGTCCTTTTCTTGGAAGCGACA
P6_90	SC2M1-49b_LEFT_18955	TGCGGCTTGTAGAAAGGTTCAA
P6_90	SC2M1-49b_RIGHT_19331	AAAAGCTGGTGTGTGGAATGCA
P6_92	SC2M1-50b_LEFT_19395	AGTCTCATGGAAAACAAGTAGTGTCA
P6_92	SC2M1-50b_RIGHT_19820	TGGTACTGGTTTAATGTTGCGCT
P6_94	SC2M1-51b_LEFT_19957	AACGATTTGTGCACCACTCACT
P6_94	SC2M1-51b_RIGHT_20373	TCAGTAGATGTAAACCACCTAACTGACT
P6_99	SC2M1-67b_LEFT_26128	TCACACAATCGACGGTTCATCC
P6_99	SC2M1-67b_RIGHT_26541	GTACCGTTGGAATCTGCCATGG
P6_101	SC2M1-69b_LEFT_27080	TAGCAGGTGACTCAGGTTTTGC
P6_101	SC2M1-69b_RIGHT_27443	AAGCTCACAAGTAGCGAGTGTT
P6_9	SC2M1-9_LEFT_3306	TGGAACTTACACCAGTTGTTCAGAC
P6_9	SC2M1-9_RIGHT_3878	CAGCGATCTTTTGTTCAACTTGCT
P6_75	SC2M1-75_LEFT_29344	TGACGCATACAAAACATTCCCAC
P6_75	SC2M1-75_RIGHT_29848	AAAATCACATGGGGATAGCACTACT
P6_70b	SC2M1-70b_LEFT_27497	TCTTCTGGAACATACGAGGGCA
P6_70b	W1_34R_28006_1	AGGACACGGGTCATCAACTAC
P6_95	0_1b	TTAAAGGTTTATACCTTCCCAGGTA
P6_95	W1_1R_490	CATCCGAACGTTTGATGAACAC
P6_19-3	SC2M1-19b_LEFT_7235	TGCAGAGTGGTTTTTGGCATATATTCT
P6_19-3	W1_21R_7771	GATGGATGGAACCATTCTTCACTG
P6_62-2	SC2M1-62a1_LEFT_23993	ACCAAGCAAGAGGTCATTTATTGAAGA
P6_62-2	W1_30R_24625_1	CAGAAGCTCTGATTTCTGCAGC